valor,texto
0,"Hoje, assume-se que o regime jurídico da propriedade intelectual (PI) seja
benéfico à sociedade, posto que bem difundida a ideia de que sua proteção incentivaria
investimentos em pesquisa e inovação, processo que culminaria em desenvolvimento
econômico. Tal é a importância da relação entre a propriedade intelectual e o
desenvolvimento (tecnológico e econômico) que o art. 5º, XIX, da Constituição Federal
de 1988, reconheceu-a expressamente. Entretanto, tendo em vista o cenário pós crise
econômica global, combinado com a evolução da ideia de propriedade e com o
desempenho inovador insatisfatório do Brasil em relação a países com histórico
socioeconômico e normas de PI semelhantes, é essencial uma abordagem crítica dos
impactos do regime vigente, em especial o sistema de patente, no Brasil e em países em
desenvolvimento em geral. Ainda que a legislação brasileira atinja seu objetivo
primário, que é aquecer o mercado e o ritmo de P&D, resta a questão sobre quais são os
verdadeiros receptores finais desses ganhos. Considerando a tendência do sistema atual
da propriedade intelectual em favorecer o comércio internacional (e países
desenvolvidos exportadores de tecnologia) em detrimento da produção tecnológica
interna, perguntamo-nos em que medida a sociedade está realmente sendo beneficiada
por essa abordagem da PI. De forma a enriquecer o panorama, examinamos dados
acerca da inovação na Coreia do Sul – país recentemente classificado como
desenvolvido e, assim como o Brasil, atingido pela harmonização das normas de PI
promovida na década de 1990 – fornecidos pelo seu órgão de proteção da propriedade
intelectual (KIPO), e também a doutrina de diversos especialistas nos temas de
desenvolvimento, PI e sua legislação correlata."
0,"A existência de espaços protegidos dentro da propriedade rural promove benefícios coletivos, pois contribuem para a preservação do meio ambiente. Por meio da ação privada dá-se o aumento do bem-estar social, o que se chama de externalidades positivas. Ao mesmo tempo, recai sobre o agente que as produz uma série de custos, dentre eles custos de transação, uma vez que o mercado não transporta as informações necessárias para que as externalidades sejam percebidas pelos agentes econômicos e consumidores. O problema deste trabalho consiste em estudar o comportamento do agente econômico diante das externalidades positivas e custos derivados dos espaços protegidos em áreas agrícolas, com o objetivo de analisar se ele internaliza essas externalidades e custos e como o faz; para que se verifiquem as implicações econômicas sobre a concretização da preservação ecológica. Para tanto, são utilizados como principais aportes teóricos o Direito Ambiental e a Nova Economia Institucional (NEI). O Direito Ambiental permite o estudo da proteção ambiental e, especificamente, dos espaços protegidos, sem se descuidar da ótica econômica que permeia a relação entre ser humano e meio ambiente. A NEI proporciona o estudo dos custos de transação e das externalidades positivas, para que se possam analisar a percepção e o comportamento do agente frente às externalidades que produz, verificando-se qual a relevância das instituições nesse contexto. A metodologia aplicada é a pesquisa bibliográfica e estudo de caso, sob uma abordagem indutiva. Para o estudo de caso, toma-se como unidade de análise uma usina de cana-de-açúcar, em razão da expressividade do setor sucroenergético, que utiliza grande parte do território nacional para produção, e do aumento da importância do setor e do biocombustível etanol. O etanol é um bem cujas informações sobre o processo produtivo são difíceis de serem obtidas pelo consumidor, o que resulta em uma assimetria de informação e custos que afetam a eficiência econômica e, ao fim, podem desestimular a preservação ecológica. A partir dos dados coletados, o estudo de caso constatou que a proteção ambiental praticada pela usina resulta precipuamente de incentivos advindos do próprio mercado. A atenção do agente está voltada à reputação no mercado e na sociedade e à certificação ambiental, que diminui a assimetria de informação e os custos de transação. Essa postura permite a inserção e permanência em novos mercados, cada vez mais rigorosos quanto à exigência de certos padrões ambientais de gestão. Conclui-se que, tendo sido verificado o caráter indutor do mercado quanto à proteção ambiental, cabe ao Estado intervir no sentido de fomentar esse comportamento convergente com o interesse público de um meio ambiente ecologicamente equilibrado. Para isso, são necessárias políticas públicas que promovam por meio de instrumentos econômicos os comportamentos desejados, abandonando a arraigada e ineficiente estrutura focada somente em instrumentos de comando e controle. Assim, se o mercado tem exigido uma gestão ecologicamente sustentável, ao criar incentivos à certificação o Estado cumpre seu papel de garantidor de um ambiente institucional que promove a proteção ambiental."
0,"Este trabalho analisa as cláusulas de tratamento diferenciado de países em desenvolvimento no âmbito da OMC. Considera as mudanças ocorridas no cenário da política econômica internacional, que quebraram o paradigma da hegemonia das nações desenvolvidas e tendem a um cenário de multipolarização com a ascensão de potências emergentes. Confere destaque especial a Brasil, Rússia, Índia, China e África do Sul (BRICS), seus papeis nas negociações e suas atuações em litígio junto ao Órgão de Solução de Controvérsias da OMC. Tal pesquisa é oriunda de iniciação científica, com fomento da Fundação de Amparo à Pesquisa do Estado de São Paulo (FAPESP), desenvolvida durante o ano de 2013."
0,"A dissertação examina a relação entre o processo de deliberação e do método dialético, a partir do estudo das obras aristotélicas, com especial ênfase para “Ética a Nicomaco”. Para tanto a análise se centralizou na seguinte pergunta: a dialética está inserida dentro do processo de deliberação? Se sim, de que maneira? O estudo foi realizado mediante o uso de bibliografia base e complementar a partir das quais se propõe compor as principais características da dialética, bem como da deliberação. Como resultado da investigação, temos que, apesar de orientados para distintas finalidades, os dois métodos se interligam em determinados aspectos. Observou-se que no âmbito da percepção, ambos partem da elucidação da realidade e dos problemas particulares a serem investigados de modo a garantir resultados objetivos. Foi reconhecido que método dialético seria usado na reflexão acerca dos fins últimos. Nesse ponto a divergência se deu no tocante à: a) se constituem enquanto objetos da deliberação os fins últimos ou somente os meios pelos quais os alcançamos; b) considerando a perspectiva da deliberação acerca dos meios, no que consiste os fins últimos? A dissertação, desse modo, pretende elucidar o modo pelo qual o método dialético e deliberativo foram estruturados, ressaltando seus traços primordiais, além de tratar de um ponto bastante controverso, a saber: como a razão teórica pode integrar o procedimento de racionalidade prática e de que maneira isso se torna relevante para a compreensão das questões referentes à voluntariedade da ação."
0,"O presente trabalho de conclusão de curso visa abordar a obrigação de cumprir a lei e a desobediência civil como forma de oposição às leis injustas. Para tanto, serão apresentados alguns conceitos iniciais e premissas necessárias ao desenvolvimento do tema, como o conceito e as características da desobediência civil e a relação entre lei e moral. A seguir será apresentado embasamento legal ao direito à manifestação e serão discutidos exemplos históricos de oposição a leis injustas, como a revolução pacífica de Gandhi. Por fim, serão analisadas as recentes manifestações ocorridas no Brasil de modo a verificar a efetividade da desobediência civil como estímulo a mudanças sociais e políticas."
0,"Em relação ao binômio álcool-direção, objeto do presente estudo, as medidas tomadas pelo Brasil tiveram o propósito de enrijecer a legislação referente a essa matéria, mediante a edição de duas leis: Lei n° 11.705 de 19 de junho de 2008, popularmente conhecida como “Lei Seca”, e Lei n° 12.760, de 20 de dezembro de 2012, apelidada de “Nova Lei Seca”. O presente trabalho tem a intenção de abordar em seu primeiro capítulo as consequências do álcool no corpo humano e no momento de conduzir um veículo automotor, já que esse binômio constitui-se em uma das maiores causas de acidentes fatais com possibilidade de prevenção. No capítulo 2, há o exame dos artigos e suas modificações desde o Código de Trânsito Brasileiro (1997) até ao advento da Lei n° 12.760/2012 (Nova Lei Seca). Depois dessa abordagem, pretende-se questionar os temas polêmicos da “Nova Lei Seca” em vigor, demonstrando que seus supostos benefícios são totalmente discutíveis, já que garantias constitucionais foram violadas e quando trata-se de apoiar ou exigir a elaboração de uma lei que fere certas liberdades individuais, a população deveria ser mais cautelosa em tal alarde, já que tais restrições recairão sobre ela própria. No capítulo 4 são analisados os dados estatísticos dos acidentes de trânsito para tentar entender o motivo dos resultados terem sido positivos ou negativos após o surgimento da lei seca. Por fim, no capítulo 5, faz-se uma discussão sobre as políticas públicas que podem agregar e/ou serem alternativas ao texto legal da lei seca."
0,"O presente estudo tem como objetivo analisar o incidente de resolução de demandas
repetitivas, mecanismo criado pela Lei 13.105 de 16 de março de 2015, qual seja o Código de
Processo Civil de 2015. Buscou-se, em todos os tópicos, trazer à baila pontos ainda polêmicos
acerca do novel instituto e as opiniões de importantes juristas e doutrinadores. Inicialmente foi
apresentado o tratamento processual conferido às demandas repetitivas pela ação coletiva, pelos
recursos especiais e extraordinários repetitivos, pelo incidente de assunção de competência e
por fim, pelo IRDR. Logo após, foi feita uma explanação acerca do regime jurídico do instituto
protagonista do estudo, perpassando por seus antecedentes, pela legitimidade, pela
admissibilidade e pela competência. Por fim, estudou-se a interação do incidente de resolução
com outros institutos presentes no ordenamento jurídico brasileiro, sendo estes o julgamento
liminar de improcedência, os precedentes vinculantes e o julgamento monocrático de recursos.
"
0,"O mercado da educação superior é um mercado altamente regulado, em seus aspectos gerais e setoriais, da mesma forma que pela jurisprudência do CADE pode-se dizer composto por quatro mercados relevantes: os mercados de ensino superior de graduação e pós-graduação, nas suas modalidades presencial e à distância. Ainda consta com barreiras de entrada bem definidas tais como ausência de reputação/conhecimento por parte dos alunos; a necessidade de altos investimentos e/ou custos irrecuperáveis; a regulação setorial; o papel do investimento em marketing e a importância de uma marca forte no mercado, incluindo ainda incluem a economias de escala. Isto sem contar às barreiras regulatórias impostas pelo Estado. São seus mais relevantes critérios de rivalidade o preço, a escala, a capilaridade da rede de polos, os investimentos em marketing e a qualidade. Isto posto, tem-se uma sobreposição de competências regulatórias entre o CADE e os setores responsáveis pela regulação setorial, que pode vir a ser agravado com a criação do INSAES."
0,"O presente trabalho busca, de maneira introdutória, traçar um panorama a respeito da Alienação Parental a partir de análises doutrinárias, a fim de trazer uma breve contextualização histórica que ressalta a atribuição do papel de cuidadora à mãe, e busca compreender a questão da primazia materna estabelecida por uma construção sociocultural dos papéis parentais e das relações de gênero. Ademais, busca-se apresentar diversas definições e incertezas acerca do termo Síndrome da Alienação Parental, proposto pelo Dr. Richard Alan Gardner, a partir de uma revisão da literatura nacional e internacional, bem como suas características e formas de manifestação nos sujeitos envolvidos. Também, o trabalho analisa as falsas alegações e a implantação de falsas memórias de abuso sexual, como instrumentos típicos da Síndrome da Alienação Parental, à luz do direito e da psicologia. Estuda-se o que são falsas memórias, como elas se formam e como podem afetar a identidade das pessoas e prejudicar, em uma última análise, a realização da justiça. Como objetivo principal, o trabalho discute, empiricamente, o papel do Judiciário na resolução dos conflitos envolvendo o tema. Como o Poder Judiciário encara as alegações de alienação parental ou de abuso sexual? Qual é o sexo predominante dos genitores alienadores? Quais os atos de alienação parental que são alegados pelas partes? Quais medidas os magistrados tomam para que a alienação parental seja evitada ao máximo? Para que se possa entender o fenômeno da alienação parental para além dos livros, a pesquisa empírica se mostra item indispensável. Para tanto, é feita uma coleta de dados sobre todos os casos reais envolvendo alienação parental nos Tribunais de Justiça de São Paulo e de Minas Gerais, entre os anos de 2009 e 2014. Trata-se, portanto, de um estudo demográfico e empírico quantitativo que trará um panorama das ações que envolvem o tema do fenômeno da Alienação Parental. Por fim, o trabalho apresenta algumas possíveis soluções para o problema da alienação parental, envolvendo a mediação, a guarda compartilhada e a elaboração de planos parentais."
0,"Nosso trabalho tem como principal objetivo determinar o perfil institucional dos Conselhos Municipais de Políticas Públicas de Ribeirão Preto/SP, por meio da análise dos atos normativos que os criam e regulamentam e com base na aplicação de variáveis identificadas na literatura recente sobre o tema. A necessidade de um estudo com este formato foi uma das percepções do Núcleo de Assessoria Jurídica Popular de Ribeirão Preto (NAJURP), ao desenvolver práticas de extensão em assessoria e educação em Direitos Humanos, em função da falta de transparência sobre o tema e de grandes diferenças encontradas no funcionamento dos variados Conselhos do município. O estudo identificou que, na história do município, foram criados 47 Conselhos, sendo escolhidos para compor a amostra 23 deles, a partir de critérios que delimitam o sentido de Conselho que adotamos e identificam os que estão em atividade atualmente. Na literatura científica foram identificadas variáveis que representam as características que mais influenciam a efetividade dos Conselhos, divididas em três categorias: características gerais, processo decisório e composição/representação. Os resultados indicaram grande falta de transparência quanto ao funcionamento dos Conselhos e que eles, em geral, integraram em seus formatos algumas características consideradas a princípio como essenciais para sua efetividade, mas que outras características recentes, identificadas em função das limitações das anteriores, são implementadas em poucos deles. Esperamos que os resultados deste trabalho contribuam o aprofundamento democrático dentro dos Conselhos de Políticas Públicas de Ribeirão Preto."
0,"O presente trabalho objetiva analisar a aplicação do dolo eventual ou da culpa consciente nos crimes de homicídio ocorridos mediante acidentes no trânsito, mormente aqueles em que está envolvida a embriaguez do agente. Por si só a diferenciação dos institutos do dolo eventual e da culpa consciente se mostra dificultosa, para tanto se inicia o trabalho com uma análise da evolução histórica do pensamento penal de uma forma geral, para então se analisar com maior profundidade os institutos do dolo eventual e da culpa consciente e as teorias a eles relacionadas. Por fim, para a análise específica da aplicação destes institutos nos casos de homicídio no trânsito, será usada como base a manifestação do STF no Habeas Corpus 107.801/SP, para então se determinar a jurisprudência relativa ao tema. Serão, assim, abordadas as principais teorias relativas à definição do dolo eventual e da culpa consciente, além da sua aplicação especificamente no caso dos homicídios praticados no trânsito."
0,Sem resumo. 
0,"Por que alguns sujeitos são “juridicamente mudos” se todos são iguais perante a lei? O presente trabalho se lança à tarefa de analisar criticamente algumas das formas de reprodução simbólica do Direito, a partir de uma perspectiva de abertura aos sentidos de justiça, Estado, Direito e desigualdades presentes na música popular brasileira. Essa abertura se mostra fundamental a um Direito que, de longa data, parece estar “surdo” a determinadas vozes sociais. Em razão disso, inicialmente pretende-se identificar o papel mistificador da ideologia jurídica e da insensibilidade no operar deste Direito. Partindo destas reflexões, é possível investigar com maior lucidez as vozes eleitas para este estudo, bem como os movimentos culturais em que se inserem: Racionais MCs e Bezerra da Silva, hip hop e samba. Tais vozes, intimamente atreladas ao lugar social de onde são proferidas, exercem importante função na luta pela hegemonia e na crítica a práticas associadas às normas jurídicas, aos controles e à repressão estatal. Nesse sentido, a proposta central deste trabalho é ouvir e analisar o que dizem estes “porta-vozes da mudez jurídica”, especialmente no que se refere a: a) criminalidade; b) repressão policial; c) Estado e Direito; d) questões de raça; e) pobreza, exclusão e capitalismo; e f) favela e periferia. A arte popular pode ser um caminho para que o Direito se desenclausure e destampe seus ouvidos. Mas não só: um caminho para que ele efetivamente consiga ouvir observações críticas acerca daquilo que lhe diz respeito, sensibilize-se e permita-se a transformação."
0,"O presente Trabalho de Conclusão de Curso consiste em uma continuação do trabalho desenvolvido durante a Iniciação Científica, financiada pelo CNPq, no período de agosto de 2010 a julho de 2011, sob o título: “Mecanismos internacionais de proteção ao meio ambiente e desenvolvimento brasileiro”. A monografia, além de revista e atualizada, teve acréscimo de um capítulo para discutir a atuação do poder público municipal, com base nas experiências de Ribeirão Preto, Estado de São Paulo. Por isso, alteramos o título do trabalho, para melhor coerência com o seu conteúdo. O objetivo maior do trabalho foi investigar a proteção internacional do meio ambiente e as repercussões no desenvolvimento brasileiro, através das discussões promovidas no âmbito internacional, cujos fundamentos contribuíram para a formulação de políticas públicas socioambientais no Brasil."
0,"O presente trabalho se dedica ao estudo da importância política da memória em contextos de transição política. Inicialmente, o trabalho se dedica a estudar alguns marcos teóricos que tratam da memória e sua importância no plano individual e coletivo. Partindo do conceito de história e memória de Benjamin e Adorno, são estudados os temas da transição e da justiça de transição. Além de uma breve descrição das teorias políticas de transição surgidas no período da Guerra Fria, o trabalho se presta a uma crítica a essas teorias, utilizando-se dos marcos teóricos estudados no primeiro capítulo e do conceito de política de Jacques Rancière. Finalmente, a partir do conceito de transição política estudado, faz-se uma breve descrição daquilo que se tem entendido como Justiça de Transição e dos eixos que a compõem, dentre os quais o direito à memória, sob a ótica materialista-dialética de história, tal qual defendida por Walter Benjamin, e valendo-se do conceito de política como dissenso, de Jaccques Rancière."
0,"O presente trabalho se dedica ao estudo da importância política da memória em contextos de transição política. Inicialmente, o trabalho se dedica a estudar alguns marcos teóricos que tratam da memória e sua importância no plano individual e coletivo. Partindo do conceito de história e memória de Benjamin e Adorno, são estudados os temas da transição e da justiça de transição. Além de uma breve descrição das teorias políticas de transição surgidas no período da Guerra Fria, o trabalho se presta a uma crítica a essas teorias, utilizando-se dos marcos teóricos estudados no primeiro capítulo e do conceito de política de Jacques Rancière. Finalmente, a partir do conceito de transição política estudado, faz-se uma breve descrição daquilo que se tem entendido como Justiça de Transição e dos eixos que a compõem, dentre os quais o direito à memória, sob a ótica materialista-dialética de história, tal qual defendida por Walter Benjamin, e valendo-se do conceito de política como dissenso, de Jaccques Rancière."
0,"A situação de aparente segredo como modus-operandi das estatísticas criminais brasileiras, ou seja, a diluição da transparência e do controle público, da acessibilidade e da confialidade dos dados, parece prover de uma carência na sua organização e divulgação. Tomando por referência o modelo de “ciências criminais integrais” e sob o enfoque da sociologia criminal, cujos instrumentos próprios são o recolhimento e interpretação de dados estatísticos, busca-se realizar o mapeamento das instituições oficiais atualmente responsáveis pela produção, publicação e amarzenamento dos dados criminais pátrios. Dessa maneira, objetiva-se estabelecer uma relação entre estatísticas criminais como evidências empíricas para a política criminal, a partir da compreensão dos mecanismos adotados. A pesquisa recorre também ao método comparado, confrontando-se a experiência brasileira às Kriminalstatistiken alemãs, na medida em que analisa a produção científica do país no processo de melhoria dos dados criminais. Falar em estatísticas criminais, por fim, requer a ponderação quanto às dificuldade e limites de qualquer representação da realidade. O presente artigo visa introduzir questionamentos sobre a necessidade latente de informação e conhecimento na área de segurança pública, úteis tanto para a Academia, no desenvolvimento de pesquisas científicas, quanto para os agentes de segurança pública, na consecução de políticas voltadas à prevenção e repressão da criminalidade, seja do legislativo ou administrativo (poder de polícia)."
0,"Este trabalho trata do bicameralismo brasileiro, a partir de um enfoque crítico.
Buscamos identificar, no sistema bicameral do Poder Legislativo brasileiro, suas origens,
semelhanças com outros países, bem como suas particularidades e desenvolvimento próprio.
A partir daí, obtivemos um quadro do atual modelo bicameral brasileiro. Foi possível afirmar
que ele preserva, ainda hoje, traços comuns tanto aos seus paralelos na história brasileira,
como de outros países, em particular, o norte-americano. Utilizamos, para melhor
compreendê-lo, as definições de Liphart, sobre bicameralismos simétricos e assimétricos,
congruentes e incongruentes, para concluir que o sistema brasileiro é simétrico e
incongruente, portanto, um bicameralismo forte. Também, a partir dos critérios de Tsebelis &
Money, classificamos o modelo brasileiro como possuidor de forte dimensão política.
Analisamos, com dados empíricos, se a produção e atuação legislativa das Casas do
Congresso Nacional exige, de fato, este modelo, e, por fim, levantamos perspectivas de
avanços e superação dos seus atuais problemas."
0,"O artigo 5° da Constituição Federal de 1988 versa sobre direitos fundamentais da pessoa,
sendo dois destes direitos, o direito à vida e à dignidade humana. A dignidade humana é de
difícil definição, pois ela faz parte da construção social. Assim, vem à tona a temática do
direito a morrer com dignidade, direito que não se encontra em nenhum local na Constituição
Federal. O estudo desenvolvido tem como objetivo questionar qual é a motivação da morte
não ser um direito fundamental e como é a liberdade e a autonomia para a escolha do
individuo nesta temática. Especialmente quando se trata de cidadãos com doenças terminais
ou degenerativas. Pois se é definido como direito intrínseco a vida e a dignidade humana, por
que não a morte com dignidade?"
0,"O presente trabalho de conclusão de curso tem como objeto o estudo das cláusulas pro soluto e pro solvendo no contrato de factoring. A possibilidade ou não de o faturizador se voltar contra o faturizado, no caso de inadimplemento do devedor, é um tema controverso na doutrina e na jurisprudência e gera significativo impacto econômico para as partes, influenciando no custo da operação e na segurança jurídica e econômica do negócio. Assim, o trabalho se inicia com um panorama geral do instituto do factoring e sua distinção face às instituições financeiras. Feito isso, estuda-se os meios de transferência do crédito no factoring para, finalmente, enfrentar-se o tema das cláusulas pro soluto e pro solvendo."
0,"O termo “fuga de cérebros” (brain drain) é usado para se referir a um fenômeno migratório
crescente no mundo desde a década de 1960: a migração de indivíduos qualificados e/ou com
habilidades mentais consideradas especiais, em especial de países em desenvolvimento para
países desenvolvidos. Há preocupações associadas às suas possíveis repercussões negativas,
principalmente para os países de origem, por perderem, com o brain drain, importante capital
humano. Nos últimos trinta anos, contudo, tem sido discutida a perspectiva do brain gain, isto
é, dos possíveis ganhos, advindos da situação, tanto para os indivíduos, quanto para os países
envolvidos. O presente trabalho buscou delinear a situação recente da migração internacional
qualificada no Brasil e no mundo, analisando alguns dos principais dados disponíveis a
respeito, bem como a legislação migratória brasileira – destacando, ainda, relações existentes
entre as migrações e o desenvolvimento científico-tecnológico, tendo em vista as influências
recíprocas observadas entre ambos. O estudo revela que, em números absolutos, a migração
qualificada de e para o Brasil cresceu; proporcionalmente, porém, o país não está dentre
aqueles que, no mundo, mais recebem e/ou exportam esse capital humano, tampouco parece
ser um dos que mais sofrem impactos negativos decorrentes da situação. Há, porém, razões
para acompanhar e estudar mais profundamente o caso brasileiro, a fim de apurar melhor as
eventuais repercussões do fenômeno envolvendo o país. A política migratória brasileira, além
disso, se mostra falha em diversos aspectos, o que pode dificultar o estímulo à circulação
internacional de cientistas e demais profissionais – ainda que esse grupo tenda a ter menores
restrições de acesso ao país que outros grupos de migrantes -, trazendo consequências
indesejáveis para o desenvolvimento econômico, científico e humano."
0,"O futebol, atualmente, além de se constituir como um poderoso elemento sociocultural, caracteriza-se como importante atividade econômica, plenamente inserida no mercado. Consequentemente, a atividade desenvolvida pelos clubes, após transpor uma primeira etapa de profissionalização, passou, mais recentemente, por um processo de mercantilização, tornando-se verdadeira atividade mercantil e aproximando-se do conceito de empresa. Discute-se, nesse cenário, a adequação do modelo de gestão e da estrutura jurídica das entidades de prática desportiva à essa nova realidade. Dessa forma, o objetivo do trabalho consiste em analisar o processo de transformação dos clubes de futebol no Brasil, do modelo associativo para a forma de sociedades empresárias desportivas."
0," O direito à saúde é tomado na Carta Política como direito-dever do Estado e da sociedade perante o cidadão. Observa-se que suas disposições acerca do direito à saúde apresentam conteúdo valorativo relacionado à busca pela justiça social. Em função da atuação do Ministério Público, Defensorias e da jurisprudência que vem se consolidando na aplicação dos dispositivos relativos ao direito à saúde, surgiu uma zona de conflito entre as atribuições/competências dos Poderes Judiciário e Executivo no que concerne à escolha e execução das políticas públicas. Um número cada vez maior de direitos subjetivos geradores de deveres estatais na área da saúde surge não só em função dos avanços normativos alcançados pelo Poder Legislativo, como também em virtude dos avanços interpretativos do Poder Judiciário. Nesse contexto, o Poder Judiciário acaba por se tornar uma “porta de entrada” não oficial ao Sistema Único de Saúde (SUS) para os que visam acesso integral aos bens de saúde. O problema dessa pesquisa consiste em analisar o eventual direcionamento jurisprudencial do Supremo Tribunal Federal (STF), sobretudo após a realização da Audiência Pública nº 04/2009, no que diz respeito aos seguintes temas (conectivos): (i) acesso a medicamentos; (ii) tratamentos no exterior e; (iii) argumentos do poder público contrários à concessão de prestações e/ou bens essenciais à saúde (“reserva do possível” e a impossibilidade de penhora do orçamento público). A metodologia aplicada à pesquisa foi a da análise jurisprudencial e a pesquisa bibliográfica. A partir da análise das decisões, foram levantados e agrupados os dados obtidos a partir dos conectivos acima referidos. Como marco teórico sobre “judicialização da saúde” analisou-se, dentre outros textos, a degravação da Audiência Pública nº 04/2009, que esclarece questões técnicas, científicas, administrativas, políticas e econômicas relacionadas à tensão existente entre os aplicadores do Direito, gestores da saúde e usuários do SUS. Os dados coletados apontaram que: (i) o STF reconhece a prevalência do direito à saúde sobre os interesses financeiros do Estado; (ii) os principais fundamentos constantes nos acórdãos são: (a) o direito à vida; (b) a responsabilidade solidária dos entes federativos pela garantia do direito à saúde; (c) a impostergabilidade do direito à saúde; (d) a legitimidade ativa do Ministério Público para defesa dos direitos individuais indisponíveis e para o controle das prestações de relevância pública; (e) a inexistência de ofensa à separação dos Poderes com a judicialização da saúde e; (f) a possibilidade de bloqueio das verbas públicas para dar cumprimento às decisões relativas a prestações de bens de saúde. "
0,"O presente trabalho se dedica ao estudo do movimento da justiça de Zeus e suas relações com uma cosmovisão baseada na retribuição na trilogia trágica Oresteia, de autoria de Ésquilo, cuja tema é a maldição familiar que assola a família real de Argos, marcada por um contínuo de assassinatos motivados por vingança que tem seu fim em um tribunal instituído por Atena que emerge como nova forma de administração da justiça. A primeira parte deste trabalho parte da investigação da história política de Atenas entre os séculos IV e V a.C. a fim de contextualizar a obra e a biografia de Ésquilo com as novas concepções que emergem do regime democrático, tal como do desenvolvimento da tragédia como manifestação artística que problematiza o mito e a condição humana. A segunda parte deste trabalho é dedicada ao estudo concreto da trilogia trágica, focando no tratamento dado pela tradição épica e lírica precedente a Ésquilo ao mito de Orestes, as interpretações correntes sobre a natureza da justiça de Zeus e da análise de três cenas de ἀγων/agon onde as personagens envolvidas manifestam concepções distintas de justiça e responsabilidade criminal em um jogo dialético típico da tragédia que procura demonstrar as flutuações de sentido do vocabulário jurídico."
0,"O presente trabalho objetiva analisar as posições adotadas por alguns dos principais
tribunais do país (os Tribunais Regionais Federais das cinco regiões e o Superior Tribunal
de Justiça) no que concerne à desaposentação, de modo a atestar se o instituto é
juridicamente viável, ou seja, se se trata de uma realidade acatada pelo Direito brasileiro. A
relevância da jurisprudência no trato do tema repousa sobretudo na ausência de previsão
legal a respeito do assunto – ademais da pluralidade de argumentos favoráveis e contrários
à sua concessão, o que polemiza o tópico –, conferindo aos magistrados um papel de suma
relevância na delimitação de sua exequibilidade."
0,"O objetivo central da pesquisa é analisar a efetividade da Comissão de Análise de Solicitações Especiais, no contexto da efetivação do direito à saúde pelo Poder Judiciário a partir das demandas ajuizadas pela Defensoria Pública do Estado de São Paulo – Regional Ribeirão Preto. O estudo buscou trazer subsídios ao órgão da Defensoria Pública na ampliação do acesso à justiça aos mais vulneráveis como forma de assegurar o acesso a bens e serviços de saúde indispensáveis à manutenção de uma vida digna.
A Comissão analisada, formada por integrantes dos Poderes Executivos municipal e estadual e do Hospital das Clínicas da Faculdade de Medicina de Ribeirão Preto, emite pareceres técnicos nos processos judiciais envolvendo pedidos de medicamentos, equipamentos e tratamentos médicos como forma de racionalizar o processo de judicialização do direito à saúde, evitando o fornecimento de medicamentos e tratamentos médicos sem a devida comprovação de eficiência no tratamento da doença.
A metodologia adotada na pesquisa consistiu na análise quantitativa dos dados obtidos dos pareceres da Comissão, decisões liminares e sentenças judiciais nos processos ajuizados pela Defensoria Pública envolvendo a tutela do direito à saúde dos necessitados.
O estudo identificou que o órgão técnico emite número considerável de pareceres desfavoráveis à concessão do pedido formulado pela Defensoria Pública e que o judiciário não segue, na maioria desses casos, o conteúdo dos pareceres ao conceder o pedido de liminar. Ademais, o tempo necessário para julgamento desses pedidos aumentou significativamente com a necessidade de manifestação prévia da Comissão. É válido destacar que os bens e serviços de saúde pleiteados, por envolverem a vida e o bem-estar físico e psíquico da parte autora, necessitam de uma rápida manifestação pelo Poder Judiciário."
0,"O presente trabalho tem por escopo analisar a autocomposição como método eficaz de resolução de conflitos civis, com foco no mecanismo da mediação. Será estudado como os meios autocompositivos podem contribuir para a solução adequada ao tipo de controvérsia, considerando as partes e a natureza do conflito. Serão avaliados a importância da utilização desses mecanismos e os obstáculos para sua implantação, bem como a utilização e o avanço das vias autocompositivas na legislação, na doutrina e na prática jurídica brasileiras, relacionando o estudo à crescente preocupação do Direito com a celeridade processual. Por fim, serão apresentadas três formas autocompositivas - mediação, conciliação e negociação – com enfoque e detalhamento no procedimento de mediação."
0,"O presente trabalho tem como tema a disciplina das taxas ambientais, mormente à instituída pela Lei 10.165/00. O objetivo geral é demonstrar a constitucionalidade do aludido instrumento e, também, que as taxas podem ser utilizadas como forma de se perquirir os valores constitucionais, devido à sua natureza extrafiscal. A metodologia utilizada no presente trabalho foi o método de abordagem dedutivo. O referido diploma legal despertou diversas críticas da doutrina, mormente à sua constitucionalidade. Ademais, alguns teóricos sustentam que as taxas não apresentam caráter extrafiscal e, portanto, não poderiam ser utilizadas na persecução da proteção ambiental. Com o uso da extrafiscalidade dos tributos, internalizando os custos dos recursos naturais no preço final das atividades econômicas, há a possibilidade de indução de comportamentos dos particulares para induzir atividades ambientalmente orientadas, ou inibir as poluentes, relacionando o direito tributário com o direito ambiental e como forma de se perquirir os valores constitucionais. Nesse diapasão, este estudo, em um primeiro momento, pesquisará o direito ao meio ambiente ecologicamente equilibrado, erigido ao status de direito fundamental pela Constituição Federal de 1988; ato contínuo, será analisada a estrutura da norma tributária e a disciplina do Direito Tributário em geral; após, serão esmiuçadas as bases do Direito Tributário Ambiental; e, por fim, o foco serão as taxas, com análise de sua estrutura, da possibilidade de assumirem o caráter extrafiscal e se a Taxa de Fiscalização e Controle Ambiental, criada pela Lei 10.165/00, é constitucional. Conclui-se, assim, que os tributos podem ser utilizados para se perquirir a proteção ambiental, inclusive as taxas, devido à sua natureza extrafiscal e à constitucionalidade do referido diploma legal."
1,"Devido à robustez e ao baixo custo, o motor de indução é a máquina elétrica em corrente alternada mais usada. É basicamente constituída por duas partes: estator (parte fixa) e rotor (parte móvel). O rotor pode ser de dois tipos: rotor bobinado (ou enrolado) e rotor em gaiola de esquilo. A utilização de motores de indução com rotor em gaiola é mais comum pela maior simplicidade de construção e menor custo. Em estudos de estabilidade de tensão, cargas como motores de indução são de grande importância visto que consomem quantidade elevada de potência reativa quando ocorrem quedas de tensão em sua alimentação. Este consumo excessivo por sua vez acarreta em problemas que podem levar o sistema a um colapso de tensão. Para inserir motores de indução em estudos de estabilidade é necessário primeiramente conhecer a modelagem dinâmica desta máquina. Assim, este trabalho apresenta a obtenção de dois modelos dinâmicos para o motor de indução com rotor em gaiola de esquilo, no caso os modelos em primeira e terceira ordem. Estes permitem fazer simulações dinâmicas de sistemas elétricos observando transitórios e limites de estabilidade. Isto será feito em um sistema teste, onde ficam evidentes colapsos de tensão para dois tipos de falta: perda de alimentadores e curto-circuito. Por fim, análises de estabilidade são feitas neste sistema, buscando-se provar que a modelagem em terceira ordem é singularmente perturbada e que é possível aplicar métodos energéticos a sistemas com esta máquina"
1,Este trabalho tem como objetivo a simulação de motor de indução para compressores herméticos. O motor de indução modelado é o bifásico assimétrico. Os resultados que foram obtidos são referentes ao regime transitório do motor. Foi usado para o desenvolvimento de equações o modelo d-q e as simulações foram feitas nos softwares MATLAB e PSPICE. Em cada simulador foi utilizada uma forma diferente de representar as equações diferenciais do modelo e os resultados dos dois modelos são comparados entre si para serem tiradas conclusões a respeito das simulações
1,"Nesse trabalho é feita a modelagem e a validação de um pequeno sistema elétrico de potência (SEP) analisando o seu comportamento nos regimes estático e dinâmico. Esse SEP é composto por geradores síncronos trifásicos acionados por motores de corrente contínua; linhas de transmissão representadas a partir de bancos de transformadores monofásicos; e uma carga com características estáticas (banco de resistores e banco de capacitores) e dinâmicas (motor de indução trifásico). Na análise estática, mostra-se como foi modelado cada elemento a fim de se determinar o estado da operação desse sistema em regime permanente. Posteriormente os valores de fluxo de carga encontrados experimentalmente são comparados com os obtidos computacionalmente. Na análise dinâmica serão mostrados os modelos utilizados em cada elemento do
sistema. Em seguida, todos os ensaios e testes serão indicados a fim de obter os parâmetros de cada um dos modelos. Posteriormente, perturba-se o sistema e relata-se o comportamento do gerador amostrando os seus valores de tensão e corrente de armadura. Por último, compararam-se os comportamentos dos geradores obtidos experimentalmente e computacionalmente. No final, mostra-se que a validação desse SEP ocorre apesar de algumas divergências nas medidas experimentais e computacionais, e também sugerem-se alguns procedimentos
para que os resultados saiam ainda mais satisfatórios. "
1,"O consumo de energia elétrica cresce em uma velocidade maior que a sua geração, por uma série de motivos. Tal situação induz a buscar soluções para a desigualdade entre a demanda e a geração de energia, antes que ela se torne um grave problema. A motivação deste trabalho é comparar e analisar uma proposta de amenizar esta desigualdade, através da melhoria da eficiência energética de motores monofásicos em aplicações residenciais. Esta proposta se embasa na comparação entre o tipo de solução mais comum em refrigeradores domésticos, motor de indução monofásico a duplo capacitor, e uma solução mais atual, o motor à velocidade variável, através de simulações computacionais, analisar suas diferenças, vantagens, desvantagens e peculiaridades.
"
1,"Um medidor inteligente de energia elétrica aplicado à indústria foi projetado e proposto para motores de indução trifásicos. Dividido em módulos, o medidor possui módulos sensores que fazem a aquisição de tensões e correntes de fase de forma não invasiva, facilitando a instalação. O módulo principal conta com um dsPic33, um microcontrolador com alta capacidade de processamento, capaz de realizar, em hardware, cálculos de transformada rápida de Fourier, viabilizando a obtenção das frequências harmônicas de tensão e corrente. São calculados ainda os valores eficazes e fator de potência do motor. Por último, um
módulo de comunicação WiFi baseado em um ESP8266 foi projetado para receber os dados do módulo principal via comunicação serial (SPI) e enviar por protocolo GET e internet sem fio, a um servidor online. O projeto busca oferecer uma solução simples e de baixo custo que pode ser útil para analisar falhas em motores de indução, largamente utilizados na indústria, que ao falharem podem causar grandes prejuízos econômicos. Comparado a medidores disponíveis no mercado, o seu preço, cerca de 10 a 20 vezes menor, viabiliza a instalação permanente em motores de forma individual. Finalmente, afim de comprovar a
funcionalidade do projeto, um protótipo foi construído e uma metodologia de testes foi desenvolvida para ensaiar cada módulo de forma individual e em seguida o medidor como um todo, comparando os resultados com os obtidos com medidores, como multímetros e osciloscópios. O teste final escolhido foi realizado com um motor de indução comercial, refletindo uma situação de operação muito próxima da realidade de uma indústria. "
1,"Atualmente, a maioria das indústrias utilizam motores em seus processos de fabricação de
produtos. Sendo assim, é plausível que sejam feitas manutenções contínuas nestes motores a
m de evitar uma possível quebra, interrompendo toda a linha de produção e gerando grandes
prejuízos. Dessa forma, busca-se em pesquisas uma melhor forma de tentar prever que um
motor está com uma falha, antes que este possa car seriamente danicado. A literatura aponta
muitas maneiras de se encontrar possíveis problemas, e uma delas, que vem ganhando bastante
destaque, é a utilização de sistemas inteligentes para a classicação destas falhas. Sendo assim,
este trabalho tem como objetivo implementar um classicador de falhas de motores de indução
trifásicos utilizando sistemas inteligentes, mais especicamente redes neurais articiais."
1,"O presente trabalho apresenta o desenvolvimento de uma ponte inversora trifásica de média potência, que permite a operação no modo seis pulsos 120°(com dois transistores conduzindo ao mesmo tempo), seis pulsos 180° (com três transistores conduzindo ao mesmo tempo) e no modo MLP de tensão, para fazer o controle de velocidade e acionamento de alto desempenho, de máquinas que necessitam de um alto grau de precisão, alta eficiência e confiabilidade. O trabalho também mostra como foi feita a escolha das chaves semicondutoras e os circuitos para seu acionamento, o dimensionamento da lógica de proteção contra sobrecorrente e curto circuito e toda a modelagem térmica do circuito para a escolha do dissipador"
1,"Este trabalho teve como objetivo desenvolver uma forma de se obter controle wireless de pequenos motores de baixa tensão utilizando-se um smartphone com sistema operacional Android. Para que este objetivo fosse alcançado, foi necessário desenvolvimento em conjunto tanto de software como de hardware. Em questão de hardware, utilizou-se um microcontrolador ARM LPC1114 da família Cortex-M0, uma PCB como driver para os motores, um módulo Bluetooth conectado ao microcontrolador responsável pela comunicação wireless, e um smartphone com sensor acelerômetro e comunicação Bluetooth. O celular torna-se cada vez mais presente na vida pessoal, e a utilização do sensor acelerômetro se justifica pelo intuito de colocar o robô em movimento através do posicionamento do celular como um volante. Em relação ao software, foram utilizadas as linguagens de programação C para o microcontrolador, Java para o dispositivo móvel Android, além do software Eagle CadSoft para projeto do driver dos motores. Os resultados alcançados demonstram que a combinação smartphone e microcontrolador não apenas funciona, como também abre caminho para outras soluções que envolvam esses hardwares.
"
1,"Pode-se dizer que na grande área da engenharia elétrica, a qualidade de energia é um ramo
muito importante e o estudo de eficiência energética tem se tornado cada vez mais relevante
devido à constante busca pelo melhor aproveitamento energético. Tendo em vista que
aparelhos de ar condicionado têm se tornado cada vez mais comum nas residências
brasileiras, o estudo do mesmo se faz necessário tendo no seu horizonte a busca pela
eficiência energética. Optou-se por estudar a diferença do aparelho de ar condicionado com
um compressor com motor monofásico convencional e outro com o mesmo sendo utilizado
um inversor para o controle da máquina, acelerando em rampa. Serão apresentadas as
vantagens e desvantagens dos sistemas e algumas simulações, tais como a corrente de
partida que se mostrará menor, por conseguinte menor consumo de energia e maior
estabilidade da velocidade de rotação em regime permanente.
"
1,"Neste trabalho foi apresentado o desenvolvimento e implementação de uma alimentação para um robô didático móvel a partir de módulos já existentes no mercado. De uma maneira geral, o robô em questão foi desenvolvido fazendo-se uso das plataformas Arduíno e Raspberry pi, motores, sensores e atuadores. Este robô possui a função de fazer o mapeamento de um ambiente, utilizando um sensor ultra-som ao andar pelo local de maneira autônoma. Dessa forma a utilização de uma alimentação interna é de suma importância para o seu funcionamento. Com isso em mente, desenvolve-se uma alimentação por baterias de Li-Ion, com a facilidade de carrega-las via conexão micro USB e a versatilidade de alimentar as duas plataformas. Aqui está sendo apresentado todo estudo e implementação da alimentação neste robô. "
1,"O sucesso de uma empresa está associado à sua capacidade de entender como funcionam as forças do ambiente de negócios e de sua competência em converter de forma habilidosa esse conhecimento em produtos e serviços que ofereçam valor superior aos consumidores. As empresas que excedem as expectativas dos clientes surpreendendo-os com produtos e serviços inovadores, além de assegurarem vantagens competitivas sustentáveis, podem ocupar posições de liderança em mercados altamente competitivos. A manutenção da alta competitividade em mercados onde as mudanças ambientais são freqüentes exige das organizações decisões criativas em nível tanto estratégicas como operacional. A capacidade de a empresa atender os consumidores e gerar resultados empresariais positivos depende da habilidade dela de gerenciar a inovação e o processo de desenvolvimento de novos produtos. A empresa Schneider Electric atualmente trabalha com dois níveis de produção na linha de painéis elétricos sendo: Nível Comercial (Nível-C) e Nível Industrial (Nível- I), que serão melhores explicados neste trabalho. A gama de painéis Motorpact era comercializada somente em nível – C, os painéis eram recebidos pré-fabricados dos EUA sendo, realizado aqui no Brasil o processo de customização do painel. Com a finalidade de se tornar nível- I houve durante o ano de 2008 a nacionalização do painel (fabricação de chaparia, montagem dos cubículos e montagens finais), através deste processo é esperada a diminuição do tempo de fabricação (Lead Time) devido à importação (estima-se 60 dias), uma diminuição no custo de montagem, que futuramente a empresa torne-se uma fornecedora para a América Latina, além de oferecer uma flexibilidade quanto à cor do painel (Painel importado somente na cor cinza). Neste contexto o trabalho irá apresentar a linha de painéis fabricados pela Schneider referente a gama de partida de motores até 7,2kV, irá fazer um breve estudo sobre motores assíncronos e sobre alguns tipos de chave de partida e enfim tratar das etapas de nacionalização do painel"
1,"É constante e mundialmente difundida a busca por um sistema capaz de indicar, prever
e/ou estimar a presença, teor e magnitude das falhas mais comuns apresentadas pelos
Motores de Indução Trifásicos, que apresente fácil implementação e baixo custo computacional.
Nesse sentido, este trabalho considerou as técnicas de análise da assinatura de
corrente no domínio do tempo, investigando exaustivamente os atributos (média, variância,
momentos estatísticos, curtose, obliquidade) que podem ser extraídos do sinal de
corrente do motor, a fim de determinar uma topologia ótima de classificação neuronal,
selecionando os atributos mais relevantes para a identificação das faltas de curto-circuito
estatórico em estudo. A técnica desenvolvida foi então validada com ensaios de máquinas
em diferentes condições de acionamento, carga e níveis de falha. Apesar de enfrentar
dificuldades frente a variações de frequência quando treinada apenas com amostras de
acionamento direto como previsto na literatura, a rede teve resultado excelente nos testes
de generalização e frente a amostras ruidosas.
"
1,"O presente trabalho teve como objetivo primordial a avaliação tecnológica e financeira de projetos de geração de energia elétrica a partir do biogás gerado na fermentação anaeróbica da vinhaça, com o objeto de estudo uma usina de tamanho médio localizada na cidade de Araraquara, interior de São Paulo.
A vinhaça é o principal resíduo da destilação do vinho fermentado da cana de açúcar, ele é produzido em largas escalas e possui tanto características nutritivas e poluentes. A vinhaça apresenta alta carga orgânica, carga esta que é fermentada em biodigestores e reatores anaeróbicos.
A biodigestão que é a fermentação de cargas orgânicas em ambientes anaeróbicos produz um gás rico em metano. O biogás produzido no processo pode ser recuperado através de câmaras e sistemas de tubulações que encaminham o gás para lavagem e posterior uso em máquinas térmicas.
A análise técnica do trabalho visa dimensionar e qualificar instrumentos, máquinas e reatores necessários para que a biodigestão ocorra de maneira eficiente e que produza biogás com metano o suficiente para a alimentação de motores de combustão interna.
A viabilidade financeira é totalmente dependente da análise técnica e mercadológica do projeto, todas as postulações aqui definidas são baseadas nos dimensionamentos técnicos realizados. São discutidas as previsões orçamentárias de investimento, operação e manutenção conforme análise de mercado e da literatura e são calculados índices financeiros utilizados para o estudo de projetos.
Por fim, as considerações sobre a viabilidade do projeto e as expectativas para o avanço da tecnologia no setor sucroenergético são apresentados, com uma proposta final para incentivo nessa fonte de energia."
1,"Neste trabalho é estudada a eficiência de um motor Brushless DC trifásico devido à influência da intensidade de magnetização dos ímãs de ferrite nele utilizados. Para a realização dos testes utilizou-se um estator e cinco rotores montados na Tecumseh do Brasil. Os rotores foram magnetizados com intensidades de campos magnéticos diferentes, em uma magnetizadora constituída de um banco de capacitores acoplados a uma bobina. Este banco de capacitores acumula energia para gerar o pulso de corrente elétrica que gerará o campo no interior da bobina alinhando os dipolos magnéticos do ímã que é colado no rotor. Foram realizados testes com o dinamômetro tipo Magtrol . Usou-se o osciloscópio para visualizar as formas de corrente do motor enquanto este era testado. Nos testes foi possível analisar a eficiência e o comportamento de cada protótipo em resposta a uma curva de carga. O motor estudado é aplicado em compressores herméticos de refrigeração, possibilitando o controle da velocidade e a melhoria da eficiência quando comparada à tecnologia convencional (motor de indução) utilizada nesta aplicação"
1,"Esse trabalho tem como objetivo projetar um transformador e fazer uma análise do mesmo no software baseado no Método dos Elementos Finitos, FEMM.  Sendo assim, o trabalho se inicia com a escolha do transformador a ser projetado. Esse transformador deve ser simples e de pequeno porte para facilitar os cálculos, e também de aplicação prática para tornar o projeto mais interessante.  Após a escolha do transformador, este é projetado baseado em diferentes metodologias de projetos, encontrados em livros didáticos e pesquisas referentes ao assunto. A metodologia utilizada é seqüencial, bem simples e clara, o que facilita o entendimento do andamento do projeto.  Estando o transformador completamente projetado, finalmente ele é representado no software FEMM. Neste ponto são feitas análises sobre suas curvas magnéticas, confirmando a veracidade dos resultados obtidos no projeto"
1,"Os conversores CC-CA são elementos de Eletrônica de Potência essenciais para a conexão de fontes alternativas de energia, como a solar e a eólica, à rede elétrica, permitem o controle de motores trifásicos, além de serem peça fundamental em no-breaks. A utilização da Modulação Vetorial Espacial em inversores surge como importante técnica nesse domínio devido ao aproveitamento eficiente da tensão do barramento CC e à geração de uma saída com baixa distorção harmônica. Este trabalho visa apresentar de forma simples e clara os métodos para implementação da Modulação Vetorial Espacial para três topologias de inversores trifásicos de dois níveis: com três braços a três fios, com três braços a quatro fios e com quatro braços a quatro fios. O desenvolvimento dos algoritmos de modulação será
baseado na literatura técnica. Verifica-se a precisão e a performance dos algoritmos e dos métodos desenvolvidos utilizando o software de simulação PSIM."
1,"O objetivo deste trabalho é implementar um sistema de navegação, decisão e cumprimento
de missões em robôs autônomos móveis de pequeno porte. A movimentação do robô será executada
por um par de motores que acionam duas rodas. Os motores serão acionados por um driver de
corrente controlado por um sinal PWM gerado pela placa Raspberry Pi, responsável pelo controle
de locomoção, controlando a velocidade e direção do robô, também recebendo o sinal de pares de
sensores/emissores de infravermelho localizados em várias partes do chassi do robô e também
responsável pela navegação, utilizando a leitura dos sensores para encontrar a manobra adequada a
fim de evitar colisões com obstáculos. Para viabilizar uma navegação adaptativa em ambientes
dinâmicos e ruidosos, como salas fechadas com presença de pessoas, será avaliada a utilização de
algoritmos evolutivos.
"
1,"O controle de motores de corrente contínua é uma propriedade básica do controle moderno. O estudo dos controladores clássicos como Ziegler Nichols, e o método de lugar das raízes nos fornece ferramentas para a estimação dos parâmetros de um controlador PID, que é então projetado para atender a requisitos específicos.
Este trabalho tem por motivação inserir de uma forma simples o algoritmo de controle adaptativo por modelo de referência, como forma de fornecer uma sintonia automática dos parâmetros do controlador PID para aplicação no controle de velocidade angular de um motor de corrente contínua.
A forma como pretende-se aplicar esse controle por modelo de referência está no mecânismo de ajuste simplificado e de simples compreensão, sem a inserção de ferramentas complexas.
Ainda como motivação, o estudo simplificado desse algoritmo visa a aplicação da ferramenta e do modelo de adaptação do controlador PID nas disciplinas de laboratório ministradas no curso pelos professores de controle do departamento de Engenharia Elétrica da USP, campus São Carlos."
1,"Nos últimos anos, visando a redução de custos e a eliminação de resíduos, muitas empresas têm investido em tecnologias de reciclagem. Nota-se que existe uma enorme preocupação com o lixo tecnológico, que são aqueles aparelhos eletroeletrônicos que estão com defeitos, ou mesmo que se encontram obsoletos no mercado.Neste trabalho, foi implementado, utilizando lógica ladder, o controle e a automação de uma esteira transportadora que integra uma célula de reciclagem de lixo tecnológico. Tal sistema é composto por um robô, um computador industrial e a própria esteira. Na última, foco deste trabalho, tem-se um motor central que está sempre em movimento, estações com pistões pneumáticos, que elevam ou rebaixam pallets e também motores que colocam os pallets para fora da parte central da esteira, enviando-os diretamente para estações de trabalho ligadas a cada uma delas. Foram verificados todos sensores, motores, parte elétrica e todo o sistema pneumático da esteira. Feito isto, iniciou-se a programação ladder no computador industrial conectado à esteira, para o controle da mesma. Em paralelo, foi estudada a forma de comunicação entre as partes envolvidas. Também foi executado o interfaceamento entre o robô da célula de reciclagem e a esteira controlada, que consiste basicamente em considerar os sensores e acionamentos do motor presente no robô, para a programação no computador industrial."
1,"Este trabalho apresenta um estudo do acionamento de motores BLDC (Brushless DC). Esses motores são utilizados em aplicações diversas devido às vantagens que possuem sobre os motores de corrente contínua convencionais e os motores de indução monofásicos. No entanto, por não possuir escovas comutadoras, são eletronicamente comutados. Este trabalho foca no seu acionamento utilizando sensores de efeito Hall para realimentação da posição do rotor e o controle de velocidade é realizado via estratégia de modulação de largura de pulso (PWM). Para tanto, são utilizados microcontroladores PIC ou dsPIC, que possuem módulos dedicados ao controle de motores. O uso do microcontrolador se estende às interfaces de operação, e os circuitos eletrônicos adjacentes também são estudados"
1,"Este trabalho de conclusão de curso apresenta uma metodologia computacional que propõe
o desenvolvimento de uma ferramenta capaz de obter os ajustes dos dispositivos de proteção de
sobrecorrente instalados em um sistema elétrico industrial radial, de modo que o arranjo de
proteção obtido seja coordenado e seletivo. A programação foi feita em C++ orientada a objeto,
com blocos de funções otimizados e um ambiente gráfico para a análise de curvas de atuação de
dispositivos de proteção e curvas de cargas de equipamentos.
A metodologia se baseia na utilização de três dispositivos de proteção (relés de
sobrecorrente, disjuntores de baixa tensão e fusíveis) e contempla os equipamentos mais comuns
em sistemas de distribuição industriais, ou seja, motores de indução, transformadores de dois
enrolamentos, cabos, cargas estáticas e a subestação. Na categoria de cargas estáticas se encaixam
quaisquer outras cargas que não sejam motores.
O programa foi desenvolvido em ambiente C++, através da IDE - Integrated Development
Environment (Ambiente de Desenvolvimento Integrado) Code::Blocks (Code::Blocks, 2011).
Como a programação foi feita em blocos de funções, obtém-se muita liberdade para uma futura
inserção de novas funções.
"
1,"Este trabalho tem como objetivo expandir os conhecimentos sobre células a combustível, mais especificamente as células alimentadas com etanol, e contribuir para o desenvolvimento dessa tecnologia em âmbitos mais abrangentes em meios de locomoção, levando-se em conta aspectos técnicos e ambientais, e também prover um conhecimento geral sobre motores sem escovas de corrente contínua. Em termos gerais, este estudo engloba três
fases. A primeira fase foi o estudo de literaturas já existentes com o objetivo de formar a base de conhecimentos gerais, as características de operação, e todos os componentes da Célula a Combustível e do Motor sem escovas de corrente contínua, também foram analisados os principais tipos de célula e suas diferenças, e os combustíveis de interesse para sua alimentação, com suas vantagens e desvantagens. Similarmente, foi considerada sua possível aplicação a meios de locomoção de baixa escala em veículos elétricos, fazendo-se um paralelo com o uso de motores de combustão interna e de baterias, sempre levando-se em conta aspectos ambientais. A segunda fase apresenta-se as formulações matemáticas de ambas máquinas,considerando-se modelos ideais e baseando-se nas informação adquiridas na primeira fase. A terceira, e última, fase constituiu-se da parte prática, em que fez-se modelos dinâmicos com as fórmulas apresentadas, e efetuou-se simulações com o auxílio do programa Matlab/Simulink, com a intenção de investigar o funcionamento da célula a
combustível de etanol direto, seu comportamento em diferentes temperaturas e correntes, e a integração dessa célula a um circuito com uma resistência e um motor BLDC. Os resultados obtidos na parte prática foram os esperados. "
1,"Este trabalho trata do projeto e implementação do módulo de controle de uma plataforma
robótica pendular de duas rodas projetada pelo Laboratório de Computação Reconfigurável do ICMCUSP.
O módulo de controle inclui todo o conjunto de hardware e software de baixo nível que permita
ao robô receber comandos de navegação de um computador de mais alto nível via conexão sem fio
Bluetooth, interpretar esses comandos e convertê-los em seu deslocamento. A locomoção do robô é
função de dois motores de corrente contínua que são acionados por um microcontrolador através do
driver de potência, também integrante do módulo de controle. A execução dos comandos de
navegação recebidos pelo Arduino, plataforma microcontrolada da qual se faz uso neste projeto, fica
sempre condicionada à existência ou não de obstáculos na trajetória do robô. A detecção de obstáculos
em potencial é feita por dois módulos de aferição de distância baseados em pulsos ultrassônicos. A
plataforma robótica para a qual esse módulo de controle foi desenvolvido tem aplicação em projetos
educacionais dentro dos contextos de tecnologia, inovação e robótica.
"
1,"Devido aos impactos causados pela geração de energia elétrica baseada em combustíveis fósseis e a preocupação quanto à escassez dos mesmos, é crescente a participação das nergias renováveis na matriz energética mundial.  As máquinas assíncronas, cuja robustez e baixo custo consolidaram-nas como principais tipos de motores de corrente alternada, passaram a ser mais exploradas para a geração de eletricidade, visto a possibilidade de sua utilização para a geração eólica. Constituídas de uma parte fixa (estator) e outra parte móvel (rotor), as máquinas de indução podem ser do tipo rotor gaiola de esquilo ou rotor bobinado.  Conforme a topologia da máquina, a geração eólica pode basear-se em velocidade fixa ou variável. Independente da tecnologia de geração, para o estudo e estabilidade do sistema elétrico de potência é necessário obter primeiramente o modelo dinâmico do gerador. Assim, neste trabalho serão apresentados os modelos em regime permanente e dinâmicos para os dois tipos de geradores de indução existentes. As diferenças entre eles serão analisadas com base nas respostas dinâmicas aferidas para os sistemas testes quando da ocorrência de grandes perturbações. Será demonstrado que é possível obter um aumento da margem de estabilidade dos sistemas elétricos, se considerado a influência dos parâmetros elétricos e mecânicos da máquina, bem como a influência da capacidade de fornecimento de potência reativa do sistema elétrico em estudo.  
 
"
1,"Este trabalho expõe o projeto de formatura do aluno de engenharia elétrica com ênfase em sistemas de energia e automação da Universidade de São Paulo, Renan Lopes Pisani. O trabalho é baseado em um estágio realizado na Embrapa – Empresa Brasileira de Pesquisa Agropecuária, na unidade Instrumentação Agropecuária e no Laboratório de Agroenergia. O trabalho teve como objetivo a programação em LabVIEW® com o suporte da ferramenta computacional Measurement and Automation assistida por um projeto de circuitos eletrônicos e uma fonte de tensão para controlar processos que automatizam uma prática de fermentação em estado sólido (conhecido também como fermentação semi-sólida), cujos escopos são a produção e o posterior aproveitamento das enzimas geradas nessa fermentação, através do acionamento de um motor de passo relativamente forte. Todo o sistema, exceto a placa de aquisição, é alimentado pela fonte de tensão, que foi construída pelo aluno. O motor de passo é acoplado a uma peça de PVC, construída na oficina da própria Embrapa, que tem a finalidade de amostrar gases oriundos do processo de fermentação, que ocorre em diversos tubos imersos em água para a manutenção da temperatura do sistema"
1,"Este trabalho consiste em mostrar as variáveis existentes em um projeto de motor de indução monofásico, quando aplicado em compressores herméticos para refrigeração. Serão listados também os componentes e tipos de materiais utilizados nestes projetos, bem como os tipos de ligações existentes e os testes feitos para validação do projeto. Tal conhecimento foi complementado no período de estágio na Tecumseh do Brasil Ltda. 
 

"
1,"Diante das mudanças sócio-ambientais observadas nos dias presentes, há uma necessidade em desenvolver novas tecnologias com o intuito de fazer prevalecer a sustentabilidade. Diante deste contexto, este trabalho tem por objetivo estudar o Inversor Nove Chaves, aplicando-o no contexto de veículos elétricos, por meio do acionamento de dois motores de indução do tipo gaiola de esquilo independentemente. Para isso, foi desenvolvida uma bancada experimental e uma estrutura de simulação computacional no MATLAB®/Simulink, visando a validação da operação do conversor de potência, bem como sua aplicabilidade
no ambiente da mobilidade elétrica. Os resultados obtidos tanto em bancada quanto em ambiente computacional de simulação foram retratados no presente trabalho. Tais resultados puderam comprovar a eficácia do conversor na referida aplicação. "
1,"Devido à robustez e ao baixo custo, o motor de indução é a máquina elétrica em corrente alternada mais utilizada. É basicamente constituída por duas partes: estator (parte fixa) e rotor (parte móvel). O rotor pode ser de dois tipos: rotor bobinado (ou enrolado) e rotor em gaiola de esquilo. A utilização de motores de indução com rotor em gaiola é mais comum pela maior simplicidade de construção e menor custo. As harmônicas de FMM nos motores de indução monofásicos são geradas em função da distribuição dos enrolamentos do estator e são dependentes do número de ranhuras do estator, da distribuição destas ranhuras e também do número  de espiras alocadas em cada ranhura.  Como alterações na geometria do motor geram altos custos de implementação e ferramental, a melhor forma de se corrigir ou eliminar as componentes harmônicas, é por meio da redistribuição dos enrolamentos. Em um motor de indução (MI), uma distribuição de espiras inadequada pode gerar altos valores de componentes harmônicas, que produzem aquecimento, perda de eficiência e torque, queda do fator de 
potência e vibrações mecânicas. Ferramentas de cálculos existentes contemplam basicamente motores de indução trifásicos, porém o foco desse trabalho é compressores herméticos aplicados em refrigeração, focando especificamente nos motores de indução monofásicos (MIM) de fase dividida. As componentes harmônicas devem ser evitadas, porém esse trabalho consiste em analisar e definir parâmetros que nos auxiliem nesse processo, validando ferramentas e conceitos. As oscilações ocorrem em velocidades proporcionais a sua ordem, e sempre em baixas rotações, o que dificulta, e em alguns casos impedem, que o compressor vença a inércia e as pressões de aplicação e parta (ligue). Será também analisado a validação do Software SPEED5, aplicado para os MIM aplicados em compressores herméticos, assim como o melhor entendimento desse fenômeno serão demonstrado e discutido de forma prática e objetiva.  

 
"
1,"Por muito tempo a principal fonte de energia elétrica em muitos países foram os
combustíveis fósseis. Devido às crises mundiais do petróleo, e a conscientização das
consequências de sua queima, passou-se a investir em fontes limpas e renováveis de
energia. A geração de energia elétrica a partir da energia eólica foi privilegiada com os
novos investimentos, fazendo com que máquinas assíncronas, cuja robustez e baixo
custo consolidaram-nas como principais tipos de motores de corrente alternada,
passassem a ser mais exploradas para geração de eletricidade. As alterações na matriz
energética fizeram surgir a necessidade de se investigar o comportamento do sistema
elétrico na presença de geradores eólicos assíncronos, para tanto este trabalho faz um
estudo das principais topologias de aerogeradores e, por simplicidade, escolhe a unidade
eólica do tipo A para objeto de análise. Essas unidades são equipadas com gerador de
indução em gaiola de esquilo, portanto, é feito um estudo sobre os aspectos
construtivos, campo girante e modelo do gerador de indução de terceira ordem e modelo
em regime permanente, para melhor entender o funcionamento dessa máquina. É
construído um sistema elétrico equivalente a um parque eólico de 100 turbinas do tipo
A de 100MW cada, e simulações que permitam a análise do comportamento dinâmico
desses aerogeradores foram realizadas."
1,"Veículos aéreos não tripulados, ou VANTs, é um termo que abrange desde aviões
com asas de mais de 100 metros de envergadura até pequenos helicópteros que
pesam 80g. Os VANTs também variam quanto ao seu controle, podendo ter um
operador remoto pilotando a aeronave ou não. No último caso, são chamados
autônomos. Aeronaves autônomas ainda estão ganhando espaço no Brasil, sendo que somente em 2013 foi emitida a primeira autorização de voo experimental pela ANAC. Testes autônomos nesses sistemas tendem a ser perigosos, pois há o risco de uma aeronave em alta velocidade sair e controle ou colidir. Com a finalidade de tornar testes aéreos mais seguros, propôs-se o desenvolvimento de um robô móvel autônomo terrestre de pequeno porte utilizando a placa RaspberryPi. Utilizando como ponto de partida um robô autônomo que segue essas orientações, foi proposto o uso de motores brushless DC capazes de alcançar altas velocidades para a tração do robô. Dessa forma, era esperado obter um sistema autônomo terrestre capaz de alcançar velocidades próximas ao voo de VANTs, e com isso, poder fazer testes de características autônomas em um ambiente mais seguro antes de aplica-las às aeronaves. Foram utilizados sensores de distância por ultrassom como entrada do sistema de navegação, e testes foram realizados a fim de validar sua aplicação no ambiente proposto. O sistema de navegação implementado seguiu a arquitetura de subsunção desenvolvida por Rodney Brooks. É uma estrutura que permite a adição de novos comportamentos com facilidade, e dessa forma, é útil para uma plataforma que será usada para diferentes testes. Novas funcionalidades podem ser adicionadas e editadas sem modificar o comportamento que foi desenvolvido nesse trabalho."
1,"Este trabalho tem por objetivo um estudo, análise e implementação de freios eletromagnéticos em ensaios envolvendo motores elétricos, de maneira que o freio possa simular cargas eletromecânicas para estes, especialmente em motores monofásicos utilizados em lavadoras domésticas. Sendo assim, inicialmente é realizado um estudo sobre o histórico e os diversos tipos de freios eletromagnéticos encontrados comercialmente. A partir de então, são tratados aspectos e outras informações sobre o comportamento de cargas mecânicas aplicadas (torque resistivo) a motores elétricos nas mais diversas aplicações práticas e, sobretudo, cargas encontradas em lavadoras. Para tanto, é realizado um estudo detalhado da carga mecânica que é aplicada ao motor utilizado em lavadoras durante o ciclo de lavagem. Em seguida são realizados ensaios envolvendo a utilização de um freio eletromagnético atuando como carga mecânica para motores elétricos monofásicos, a fim de reproduzir o regime de trabalho encontrado durante o ciclo de lavagem de uma lavadora doméstica em sua utilização normal por um usuário."
1,"Devido à estreita relação entre produção energética e crescimento econômico, o governo tem, cada vez mais, investido em geração de energia. Porém, os grupos de defesa ecológica cobram que as soluções em busca do crescimento não agridam, ou limitem ao mínimo possível as agressões ao meio ambiente. Dessa forma a solução tem sido o investimento crescente em soluções de baixo custo ambiental. As pequenas centrais hidrelétricas se multiplicam em virtude de serem de rápida construção e não necessitarem de uma área tão grande em comparação a uma hidrelétrica convencional. Além de possuírem a vantagem de uma geração mais próxima as localidades que estão fora dos grandes eixos de geração. Mas não basta uma grande quantidade de fontes de geração, é preciso assegurar uma geração eficiente, na qual deve haver o melhor aproveitamento possível da energia gerada, não apenas visando uma economia ambiental, mas também uma economia financeira. Serão abordadas técnicas de avaliação de desempenho e correto dimensionamento dos equipamentos mais utilizados no serviço auxiliar de uma PCH, como o sistema de iluminação, o sistema de transformadores, o sistema de motores e o sistema de refrigeração a fim de explicitar a facilidade de aplicação das mesmas e o alto custo benefício de sua utilização, não apenas no projeto, mas sim continuamente por uma pequena central hidrelétrica"
1,"A simulação de curto-circuito em um sistema elétrico tem enorme importância para o planejamento e operação do mesmo, ao permitir antever as conseqüências danosas dos defeitos simulados. Este conhecimento possibilita a tomada de medidas necessárias para minimizar essas conseqüências, com a mínima perturbação possível ao sistema elétrico. Isto inclui não somente a inserção de dispositivos que promovam a interrupção dos circuitos defeituosos, mas também garantir que todos os seus componentes, percorridos pelas correntes de defeito, possam suportar seus efeitos enquanto elas persistirem. Nesta monografia, abordam-se os curtos-circuitos trifásico, bifásico, bifásico-terra e monofásico em uma planta industrial que sofreu uma expansão em seu sistema elétrico, com a inserção de novos geradores e motores. Tal expansão provocou um aumento significativo das correntes de curto-circuito de forma que os equipamentos da instalação necessitaram ser avaliados em relação à sua capacidade de suportar essas correntes de falta. Para tanto, vários casos foram simulados computacionalmente, ligando/desligando os geradores presentes, utilizando o programa DIgSILENT PowerFactory como ferramenta de cálculo de curtocircuito. Estas simulações tiveram o objetivo de encontrar a melhor situação de operação do sistema, ou seja, encontrar a situação na qual as corrente máximas de curto-circuito que as barras suportam não sejam excedidas. Para encontrar a melhor situação descrita anteriormente, foi convenientemente inserido um reator a fim de diminuir esta corrente de curto-circuito. A título de complementação para o estudo, foram definidos alguns disjuntores de média tensão, baseados nos resultados das simulações"
1,"Em diversas aplicações industriais ou automotivas faz se uso de motores elétricos ou a combustão para acionar cargas através de eixos ou correias. Muitas vezes é desejável medir o torque desenvolvido pelo motor mas não é possível fazer medições diretas no eixo ou mesmo utilizar sensores de corrente para fazer medição indireta. Dessa forma há a possibilidade de inferir essa medida através de deformações que os esforços geram nas estruturas que fazem a fixação do motor e da carga no equipamento. Tais deformações podem ser captadas com o uso de extensômetros instalados em pontos onde a estrutura é mais solicitada durante a operação normal do equipamento. Nesse trabalho é proposto um método de medição de torque de um motor elétrico utilizando técnicas de extensometria. Com esse sistema de medição foi construído um gráfico de aferição, no qual o torque desenvolvido pelo motor é função da tensão de saída do sistema de medição de torque. "
1,"Este trabalho apresenta o desenvolvimento de um software para facilitar a análise do desempenho de Motores de Indução Trifásico a partir dos dados do circuito equivalente. O software possui uma interface amigável onde o usuário, para análise em Regime Permanente entra com os dados do circuito equivalente extraídos em laboratório e então é emitido um relatório com os dados de desempenho do motor. Caso também seja de interesse analisar o motor em Regime Transitório é necessário entrar com alguns dados adicionais do motor a ser analisado então é gerado um arquivo para facilitar a análise utilizando o software SIMNON®. É mostrado no trabalho todo o equacionamento do modelo e resultado de algumas simulações. O método proposto e a implementação computacional garantem resultados precisos e confiáveis
"
1,"No presente trabalho são estudados os motores sem escovas com ímãs permanentes no rotor e fluxo não-senoidal, os chamados motores brushless DC (BDCM). Tais máquinas elétricas apresentam melhor desempenho, eficiência superior e outras vantagens em relação aos motores de indução monofásicos e aos motores de corrente contínua com comutadores. Seus princípios de funcionamento, principais configurações e estratégias de controle são descritos. É exibida a modelagem matemática de um BDCM ideal, a partir da qual foram obtidas as curvas características teóricas de torque versus velocidade e eficiência versus torque de um protótipo existente, as quais são comparadas com os resultados obtidos nos ensaios realizados"
1,"Neste trabalho de conclusão de curso foi desenvolvido um controlador por avanço de fase para um robô móvel de pequeno porte que possui o módulo RCM4500W RabbitCore e um microprocessador Rabbit 4000. A programação, realizada através do software Dynamic C, permite o controle de velocidade e posição em malha fechada de dois motores, cada um responsável pelo acionamento de uma das duas rodas do robô. O modelo do motor foi identificado a partir de pontos gerados pelos encoders acoplados nas rodas do robô em resposta a uma entrada degrau de tensão aplicada nos motores. O acionamento de cada motor é realizado através de sinais de PWM e ponte H. Simulações do modelo e do controlador foram realizadas e os resultados obtidos com os controladores de velocidade e posição foram satisfatórios"
0,"A Lei Complementar n. º 123/2006 incorporou ao ordenamento jurídico brasileiro o Estatuto da Microempresa e da Empresa de Pequeno Porte, cujas regras tributárias formam o Simples Nacional, um regime especial de tributação dito menos oneroso e mais simplificado. Em atendimento ao princípio constitucional do tratamento diferenciado e favorecido aos micro e pequenos empresários, cujos empreendimentos precisam de um ambiente mais propício ao seu desenvolvimento, esse regime opcional compõe-se de oito diferentes tributos, dos quais o presente trabalho decidiu estudar o Imposto sobre Operações relativas à Circulação de Mercadorias e sobre Prestações de Serviços de Transporte Interestadual e Intermunicipal e de Comunicação (ICMS), cobrado na forma do Simples Nacional. No regime comum, o imposto sobre o consumo é baseado no princípio constitucional da não cumulatividade, mas, quando cobrado na forma do microssistema, o aproveitamento de créditos de ICMS é vedado. A controvérsia reside no fato de que as pequenas empresas têm o direito constitucional de pagar menos tributos, porém esse direito é condicionado à suspensão do direito à não cumulatividade. Outrossim, o imposto indireto, de competência estadual, embora incorporado ao Simples Nacional pela União Federal, não necessariamente viola o pacto federativo"
0,"O presente trabalho tem como objetivo estudar os conceitos de responsabilidade ao proteger
(RwP) e responsabilidade de proteger (RtoP), conquanto se mostram como a questão de
maior importância para as atuais crises armadas, caracterizadas pelo crescente uso de
tecnologias bélicas e aspecto de internacionalização dos conflitos com grandes influências
para a comunidade internacional. O conceito de responsabilidade de proteger, entretanto, não
foi suficientemente desenvolvido desde a sua primeira aparição, após o Conflito do Kosovo, o
que causa grandes dúvidas quanto a seu significado e consequências. Estas dificuldades, por
sua vez, têm causado com que em diversos conflitos existam ações autoritárias e abusivas dos
procedimentos previstos por este conceito, como a troca de regimes e desrespeito aos direitos
humanos, que ele mesmo buscava combater. No decorrer histórico, foi apresentado pelo
Brasil na abertura da Assembleia Geral das Nações Unidas de 2011 o conceito de
responsabilidade ao proteger, teorizado como diretrizes essenciais à aplicação da
responsabilidade de proteger de modo a se evitar os abusos causados por potências
interventoras que extrapolaram o mandato do Conselho de Segurança das Nações Unidas.
Hoje, contando com dois conceitos que visam servir de aparato para a proteção dos direitos
humanos e que de certa forma desestabilizam a regulação do uso da força, a Organização das
Nações Unidas se encontra em uma posição perigosa de falta de compreensão do significado
desses conceitos, em especial no tocante ao termo responsabilidade previsto por cada um
deles, que a torna incapaz de responder eficazmente às situations internacionais."
0,"O trabalho tratará dos direitos fundamentais, analisando seu tratamento ao longo das
constituições brasileiras , até a chegada da constituição de 1988 e fará a partir dela uma
análise da efetivação dos direitos humanos fundamentais. A análise contemporânea terá
como objetivo a análise do tratamento dado aos direitos fundamentais e sua proteção
frente ao abusos da administração pública (lei 4898/65) levando-se em conta a análise
da lei 9.099/95 (lei dos juizados especiais cíveis e criminais) , sua alteração pela lei
10259/01 e o conflito criado por esta mudança na efetivação da proteção dos direitos
fundamentais das pessoas. Caberá ainda nesta análise a compreensão do princípio da
proporcionalidade na sua vertente da proibição da proteção deficiente,buscando-se
através desta análise a busca de um caminho para ajudar a resolver tão intrincado
problema constitucional."
0,[sem resumo]
0,"O presente trabalho tem o intuito de desenvolver uma base conceitual e uma estrutura lógica que fundamentem uma análise comparativa entre ordenamentos jurídicos e práticas culturais distintas, a fim de que seja possível um questionamento crítico referente a estruturas sociais de controle de condutas humanas. Nesse sentido, é rejeitada a abordagem puramente formal e descritiva realizada pelo Positivismo Jurídico, uma vez que essa corrente se restringe a extrair do direito o que lhe é universal, impedindo qualquer valoração. Busca-se, portanto, em sentido contrário, uma abordagem conceitual ampla, por meio da qual critérios são desenvolvidos para possíveis análises comparativas entre mecanismos de controle social distintos. Assim, analisando-se o direito com uma visão mais ampla e interpretando-o conforme contextos socioculturais específicos, por meio de análises casuísticas, é apresentada uma fundamentação teórica para que práticas sociais e ordenamentos jurídicos possam ser estudados a partir de sua eficiência e legitimidade. Considerando o direito como fenômeno social, o qual se relaciona diretamente com organizações culturais e valores morais específicos, busca-se, também, compreender o âmbito normativo dos costumes, a fim de que estes também possam ser objeto de análises comparativas. Assim, considerando o Relativismo Cultural como corrente teórica que nega qualquer objetividade nas análises morais e culturais, também é exposto um posicionamento crítico em relação a essa corrente, por meio do qual se demonstra possíveis critérios neutros para a valoração de práticas e costumes sociais."
0,"A cultura e formulação do ensino em geral enfrentam uma grave crise no tocante a reprodução e reforço de desigualdades em detrimento do alcance de sua finalidade transformadora- que deveria ser um dos seus escopos principais. Demonstrando a carência pedagógica dos cursos de Direito e a função da universidade no contexto global, por meio de uma crítica jurídica feminista, pretende-se analisar o papel da reformulação da cultura e ensino jurídicos como elementos imprescindíveis de emancipação social, com a ampliação de outras novas formas de saber mais comprometidas com a condição humana, com o aprofundamento das formas de pensar, bem como com a introdução de um recorte transversal que inclua as relações de gênero e acesso das mulheres no campo científico e espaço público, para a construção de uma sociedade efetivamente democrática e emancipatória."
0,"Este estudo tem por objetivo analisar a relação entre o instituto da concessão no direito administrativo e a infraestrutura. Para tanto, realizou-se uma comparação entre o regime jurídico de diferentes espécies de concessão. A íntima relação entre esses contratos administrativos e o desenvolvimento da infraestrutura é analisada sob a ótica da disponibilização de ferramentas eficazes e eficientes para o administrador público."
0,"Tomando como cenário o mundo globalizado, em que assistimos a uma efervescência do comércio internacional, e mais especificamente o Brasil, que tem buscado se projetar como potência econômica, esta pesquisa pretende contribuir para discutir e problematizar, nesse contexto global no qual estamos inseridos, a necessidade de medidas que regulamentem as práticas de comércio exterior. Assim, a presente pesquisa tem como tema um estudo sobre as inovações do Decreto nº 8.058, de 26 de julho de 2013, nos procedimentos administrativos relativos à investigação e à aplicação de medidas antidumping. Pretende-se tomar como foco as modificações em relação ao decreto anterior (Decreto nº 1.602/95), pautando-se em três pilares: celeridade das investigações, eficácia das medidas aplicadas e previsibilidade para o setor privado; implicando, estas, em aspectos protecionistas. Para tanto, serão abordadas as generalidades da Defesa Comercial e os Fundamentos, Requisitos e Órgãos envolvidos na imposição de Medidas de Defesa Comercial. Tendo levantado os procedimentos administrativos, será feita uma análise, alertando sobre as consequências que esse novo Decreto, mais protecionista, a nosso ver, pode trazer para o cenário econômico nacional e para os consumidores, que sempre sofrem, de forma final e direta, com as medidas impostas por órgãos governamentais e pela própria OMC."
0,"O presente estudo visa abordar o tema das prisões preventivas e os assuntos aos quais se entrelaça, principalmente as consequências práticas na vida dos que a ela são submetidos, seus pressupostos de decretação e o prazo limite de duração de tal medida. Tanto os requisitos que devem ser preenchidos para a aplicação da preventiva, que estão taxados no art. 312 do Código de Processo Penal, tendo por base conjuntamente o disposto no art. 282 do mesmo diploma legal sobre as medidas cautelares em geral, quanto os limites de duração desta medida, são elementos que dão margem a interpretações diversas, ou seja, tem um viés subjetivo. Assim, esta análise visa abordar essa subjetividade existente na decretação e limitação de um instituto tão rigoroso e cerceante dos direito individuais, como a prisão, que teoricamente só deve ser utilizada como ultima ratio e obedecendo a critérios objetivos, a discricionariedade do juiz nessas decisões ganha destaque no que é aqui suscitado. Bem como, os parâmetros indefinidos, subjetivos e extremamente flexíveis do prazo em que pode se estender a medida, ficando o preso provisório submetido à vontade do Estado e do julgador, o que por vezes acaba desencadeando a antecipação da pena ao acusado. Princípios constitucionais também são aqui elencados e nota-se como são conflitantes em alguns casos, principalmente com relação à presunção de inocência. Por fim, analisa-se a jurisprudência pátria almejando verificação prática da utilização dessa medida constritiva de liberdade, bem como as consequências de sua aplicação de forma excessiva, tanto em quantidade, quanto em período de duração. Finaliza-se com uma tentativa de se exprimir o que se nota como tendências para um futuro próximo, tendo em vista que a situação atual é insustentável e um barril de pólvoras prestes a estourar, considerando-se o sistema carcerário brasileiro e o aumento crescente da violência nos centros urbanos."
